[ 0.01604862  0.00955542  0.00871529 -0.01656058],0
[ 0.01623973 -0.18569043  0.00838408  0.27885934],0
[ 0.01252592 -0.38093098  0.01396126  0.57417475],0
[ 0.0049073  -0.57624585  0.02544476  0.87122299],0
[-0.00661762 -0.77170446  0.04286922  1.17179595],1
[-0.02205171 -0.5771653   0.06630514  0.89285499],1
[-0.03359501 -0.38300231  0.08416224  0.62172992],0
[-0.04125506 -0.57919244  0.09659684  0.93968797],1
[-0.05283891 -0.38549597  0.1153906   0.67885307],1
[-0.06054883 -0.19215001  0.12896766  0.42461239],1
[-0.06439183  0.00093173  0.1374599   0.1752065 ],1
[-0.06437319  0.19384611  0.14096403 -0.07114943],1
[-0.06049627  0.38669525  0.13954105 -0.31624754],0
[-0.05276237  0.18989011  0.13321609  0.0169828 ],1
[-0.04896456  0.38287499  0.13355575 -0.23087992],0
[-0.04130706  0.18612255  0.12893815  0.1007693 ],1
[-0.03758461  0.37918348  0.13095354 -0.14861534],0
[-0.03000094  0.18245313  0.12798123  0.18234394],1
[-0.02635188  0.37553361  0.13162811 -0.0673843 ],1
[-0.01884121  0.56854685  0.13028042 -0.31581266],1
[-0.00747027  0.7615957   0.12396417 -0.56473777],1
[ 0.00776164  0.95478035  0.11266942 -0.81593887],0
[ 0.02685725  0.75831094  0.09635064 -0.49004855],0
[ 0.04202347  0.56197121  0.08654967 -0.16862166],0
[0.05326289 0.36572389 0.08317723 0.15006131],1
[ 0.06057737  0.55956238  0.08617846 -0.11526529],1
[ 0.07176862  0.75335059  0.08387315 -0.37956374],0
[ 0.08683563  0.55714394  0.07628188 -0.06165854],0
[0.09797851 0.36101586 0.07504871 0.25408318],1
[ 0.10519883  0.55499047  0.08013037 -0.01401611],1
[ 0.11629864  0.74887726  0.07985005 -0.28037999],1
[ 0.13127618  0.94277476  0.07424245 -0.54684852],1
[ 0.15013168  1.13677941  0.06330548 -0.81524663],1
[ 0.17286726  1.33098005  0.04700055 -1.08736469],0
[ 0.19948686  1.13527084  0.02525325 -0.78031199],0
[ 0.22219228  0.93981099  0.00964701 -0.47979203],0
[ 2.40988501e-01  7.44554190e-01  5.11732781e-05 -1.84084284e-01],1
[ 0.25587959  0.93967541 -0.00363051 -0.47675107],0
[ 0.27467309  0.74460491 -0.01316553 -0.18521461],1
[ 0.28956519  0.93991273 -0.01686983 -0.48202151],1
[ 0.30836345  1.13526868 -0.02651026 -0.77997324],1
[ 0.33106882  1.33074487 -0.04210972 -1.08087759],0
[ 0.35768372  1.13620337 -0.06372727 -0.80170062],1
[ 0.38040778  1.33213871 -0.07976129 -1.11373018],0
[ 0.40705056  1.1381495  -0.10203589 -0.84709643],0
[ 0.42981355  0.94455641 -0.11897782 -0.58816369],0
[ 0.44870468  0.75128391 -0.13074109 -0.33520146],0
[ 0.46373036  0.55824146 -0.13744512 -0.08643752],1
[ 0.47489518  0.75503852 -0.13917387 -0.41913097],1
[ 0.48999595  0.95182987 -0.14755649 -0.75224897],0
[ 0.50903255  0.7590173  -0.16260147 -0.50939733],0
[ 0.5242129   0.56651457 -0.17278942 -0.2720465 ],0
[ 0.53554319  0.37422514 -0.17823035 -0.0384551 ],0
[ 0.54302769  0.1820472  -0.17899945  0.19312261],0
[ 0.54666864 -0.01012286 -0.175137    0.4244268 ],0
[ 0.54646618 -0.20238764 -0.16664846  0.65718481],1
[ 0.54241843 -0.00538623 -0.15350476  0.31700833],0
[ 0.5423107  -0.19802657 -0.1471646   0.55761765],0
[ 0.53835017 -0.39080948 -0.13601224  0.8005559 ],1
[ 0.53053398 -0.19411028 -0.12000113  0.46836757],0
[ 0.52665178 -0.3873507  -0.11063378  0.72094795],1
[ 0.51890476 -0.19088624 -0.09621482  0.39559292],0
[ 0.51508704 -0.38452074 -0.08830296  0.65645777],1
[ 0.50739662 -0.18828771 -0.0751738   0.33732773],1
[ 0.50363087  0.00781901 -0.06842725  0.02191813],1
[ 0.50378725  0.20385216 -0.06798889 -0.29154537],0
[ 0.50786429  0.00976218 -0.07381979 -0.02105636],0
[ 0.50805953 -0.18422775 -0.07424092  0.24745275],1
[ 0.50437498  0.01187164 -0.06929186 -0.06769287],0
[ 0.50461241 -0.18219198 -0.07064572  0.20234851],0
[ 0.50096857 -0.37623621 -0.06659875  0.47193626],0
[ 0.49344385 -0.57035741 -0.05716003  0.74290699],0
[ 0.4820367  -0.76464576 -0.04230189  1.01706763],1
[ 0.46674378 -0.56898614 -0.02196053  0.71140771],1
[ 0.45536406 -0.37356708 -0.00773238  0.41189393],1
[ 0.44789272 -0.17833637  0.0005055   0.11678333],1
[ 0.44432599  0.01677833  0.00284117 -0.17574008],1
[ 0.44466156  0.21185951 -0.00067364 -0.46752536],0
[ 0.44889875  0.01674708 -0.01002414 -0.17505483],0
[ 0.44923369 -0.17822999 -0.01352524  0.11444902],0
[ 0.44566909 -0.37315555 -0.01123626  0.40283433],0
[ 0.43820598 -0.56811635 -0.00317957  0.69195368],1
[ 0.42684365 -0.37295043  0.0106595   0.39827148],1
[ 0.41938465 -0.17798131  0.01862493  0.10896825],0
[ 0.41582502 -0.37336514  0.0208043   0.40746857],0
[ 0.40835772 -0.56877581  0.02895367  0.70663717],1
[ 0.3969822  -0.3740667   0.04308641  0.42320711],1
[ 0.38950087 -0.17958078  0.05155055  0.14441246],1
[ 0.38590925  0.01476646  0.0544388  -0.13157198],1
[ 0.38620458  0.20906805  0.05180736 -0.40659549],0
[ 0.39038594  0.01325121  0.04367545 -0.09803977],1
[ 0.39065096  0.20772087  0.04171466 -0.37662959],0
[ 0.39480538  0.01203203  0.03418206 -0.07109114],0
[ 0.39504602 -0.18356287  0.03276024  0.23217741],1
[ 0.39137477  0.01107603  0.03740379 -0.0499945 ],0
[ 0.39159629 -0.18456174  0.0364039   0.25425105],1
[ 0.38790505  0.01002202  0.04148892 -0.02673083],1
[ 0.38810549  0.20452519  0.0409543  -0.30604027],0
[ 0.392196    0.00884429  0.0348335  -0.00072785],1
[ 0.39237288  0.20344981  0.03481894 -0.28222007],1
[ 0.39644188  0.39805826  0.02917454 -0.56372111],0
[ 0.40440304  0.20253936  0.01790012 -0.26199146],1
[ 0.40845383  0.39740128  0.01266029 -0.54897517],1
[ 0.41640186  0.59234312  0.00168079 -0.83764247],0
[ 0.42824872  0.39719826 -0.01507206 -0.54443143],1
[ 0.43619268  0.59252873 -0.02596069 -0.84182488],0
[ 0.44804326  0.39777058 -0.04279719 -0.55741768],1
[ 0.45599867  0.59346637 -0.05394554 -0.86327112],0
[ 0.467868    0.39911872 -0.07121097 -0.58802602],0
[ 0.47585037  0.20506247 -0.08297149 -0.31859771],0
[ 0.47995162  0.01121421 -0.08934344 -0.05319126],0
[ 0.4801759  -0.18252062 -0.09040727  0.21001989],1
[ 0.47652549  0.01376989 -0.08620687 -0.10975696],0
[ 0.47680089 -0.18001774 -0.08840201  0.1545316 ],0
[ 0.47320054 -0.37377003 -0.08531137  0.4180688 ],1
[ 0.46572513 -0.17754928 -0.07695     0.09975698],1
[ 0.46217415  0.01858633 -0.07495486 -0.21617682],0
[ 0.46254588 -0.1753885  -0.0792784   0.05195237],1
[ 0.45903811  0.02077543 -0.07823935 -0.26465278],1
[ 0.45945361  0.21692186 -0.0835324  -0.58095127],1
[ 0.46379205  0.41310882 -0.09515143 -0.89873558],0
[ 0.47205423  0.21939633 -0.11312614 -0.63741356],0
[ 0.47644215  0.02601853 -0.12587441 -0.38238914],1
[ 0.47696253  0.22268199 -0.13352219 -0.71195983],0
[ 0.48141616  0.02963676 -0.14776139 -0.46410838],0
[ 0.4820089  -0.16312201 -0.15704356 -0.22140486],0
[ 0.47874646 -0.3556914  -0.16147166  0.01791332],0
[ 0.47163263 -0.54817367 -0.16111339  0.25561429],1
[ 0.46066916 -0.35116208 -0.1560011  -0.0832386 ],0
[ 0.45364592 -0.54374376 -0.15766588  0.15644747],1
[-0.03416823 -0.03924255  0.03781295  0.04005469],0
[-0.03495308 -0.23488576  0.03861405  0.34442409],1
[-0.03965079 -0.04033379  0.04550253  0.06416337],1
[-0.04045747  0.15410724  0.04678579 -0.21382315],0
[-0.03737533 -0.0416513   0.04250933  0.09324334],0
[-0.03820835 -0.23735594  0.0443742   0.39902909],1
[-0.04295547 -0.04289065  0.05235478  0.12066003],0
[-0.04381328 -0.23872209  0.05476798  0.42938998],1
[-0.04858772 -0.04441678  0.06335578  0.15446276],1
[-0.04947606  0.14974351  0.06644504 -0.11757922],1
[-0.04648119  0.34385363  0.06409345 -0.38858142],0
[-0.03960412  0.14788326  0.05632182 -0.07639887],1
[-0.03664645  0.34215445  0.05479385 -0.35079373],1
[-0.02980336  0.53645608  0.04777797 -0.62570743],0
[-0.01907424  0.34070088  0.03526382 -0.31836833],1
[-0.01226022  0.53530331  0.02889646 -0.59972507],1
[-0.00155416  0.73000932  0.01690195 -0.88316778],0
[ 0.01304603  0.53466196 -0.0007614  -0.58521966],0
[ 0.02373927  0.33955068 -0.0124658  -0.29277668],0
[ 0.03053028  0.14460866 -0.01832133 -0.00405122],0
[ 0.03342245 -0.05024581 -0.01840235  0.28279526],1
[ 0.03241754  0.14513372 -0.01274645 -0.0156344 ],0
[ 0.03532021 -0.04980313 -0.01305914  0.27299977],0
[ 0.03432415 -0.24473633 -0.00759914  0.56153536],1
[ 0.02942942 -0.04950857  0.00363157  0.26646804],1
[ 0.02843925  0.14556137  0.00896093 -0.02506725],1
[ 0.03135048  0.34055367  0.00845958 -0.31490949],0
[ 0.03816155  0.14531224  0.00216139 -0.01957074],0
[ 0.0410678  -0.04984064  0.00176998  0.27379335],1
[ 0.04007098  0.14525601  0.00724585 -0.0183308 ],0
[ 0.0429761  -0.0499691   0.00687923  0.27662944],1
[ 0.04197672  0.14505404  0.01241182 -0.01387586],0
[ 0.0448778  -0.0502437   0.0121343   0.28269716],0
[ 0.04387293 -0.2455366   0.01778824  0.57918235],0
[ 0.0389622  -0.44090327  0.02937189  0.87741545],1
[ 0.03014413 -0.24619254  0.0469202   0.59410943],1
[ 0.02522028 -0.05175765  0.05880239  0.31656755],0
[ 0.02418513 -0.24766572  0.06513374  0.62719969],0
[ 0.01923181 -0.44363342  0.07767773  0.93966371],1
[ 0.01035915 -0.24963963  0.09647101  0.67236478],1
[ 0.00536635 -0.05598163  0.1099183   0.41154697],1
[0.00424672 0.13742443 0.11814924 0.15543962],1
[ 0.00699521  0.33067398  0.12125804 -0.09775873],1
[ 0.01360869  0.5238682   0.11930286 -0.34985964],0
[ 0.02408605  0.32726946  0.11230567 -0.0220658 ],1
[ 0.03063144  0.52061666  0.11186435 -0.27731106],1
[ 0.04104378  0.71397972  0.10631813 -0.53272323],1
[ 0.05532337  0.90745834  0.09566367 -0.79010378],0
[ 0.07347254  0.711162    0.07986159 -0.46892332],1
[ 0.08769578  0.9050703   0.07048312 -0.73540436],0
[ 0.10579718  0.70904916  0.05577504 -0.42139781],1
[ 0.11997817  0.90333835  0.04734708 -0.69598905],1
[ 0.13804493  1.09777279  0.0334273  -0.97339902],0
[ 0.16000039  0.90221867  0.01395932 -0.67040592],0
[ 1.78044762e-01  7.06905457e-01  5.51200662e-04 -3.73360734e-01],0
[ 0.19218287  0.51177568 -0.00691601 -0.08050406],1
[ 0.20241838  0.70699609 -0.0085261  -0.37536096],0
[ 0.21655831  0.51199627 -0.01603331 -0.08537851],0
[ 0.22679823  0.31710777 -0.01774088  0.20220307],0
[ 0.23314039  0.12224398 -0.01369682  0.48923722],0
[ 0.23558527 -0.07268209 -0.00391208  0.77757215],1
[0.23413163 0.12249344 0.01163936 0.48366095],0
[ 0.23658149 -0.07279083  0.02131258  0.77998941],1
[0.23512568 0.12203174 0.03691237 0.49408735],1
[0.23756631 0.31661419 0.04679412 0.21326227],1
[ 0.2438986   0.51103697  0.05105936 -0.06430022],0
[0.25411934 0.31522155 0.04977336 0.24404504],1
[ 0.26042377  0.50959855  0.05465426 -0.03253203],1
[ 0.27061574  0.70389587  0.05400362 -0.30748248],0
[0.28469365 0.50804766 0.04785397 0.00173091],0
[0.29485461 0.31227324 0.04788859 0.30912006],1
[0.30110007 0.50668131 0.05407099 0.03191613],0
[0.3112337  0.31082733 0.05470931 0.34115688],1
[0.31745025 0.50512993 0.06153245 0.06621556],1
[ 0.32755284  0.69931817  0.06285676 -0.20643643],0
[0.34153921 0.50335633 0.05872803 0.10539358],0
[0.35160633 0.30744408 0.0608359  0.41601143],0
[0.35775522 0.11151507 0.06915613 0.727236  ],1
[0.35998552 0.30561622 0.08370085 0.45709593],1
[0.36609784 0.49946128 0.09284277 0.1919256 ],1
[ 0.37608707  0.69314089  0.09668128 -0.07008603],1
[ 0.38994988  0.88675337  0.09527956 -0.33076846],0
[ 0.40768495  0.69041341  0.08866419 -0.00962449],0
[0.42149322 0.49413915 0.0884717  0.30966356],0
[0.431376   0.29787537 0.09466497 0.62888458],1
[0.43733351 0.49155763 0.10724267 0.36745192],1
[0.44716466 0.68500526 0.1145917  0.11041645],1
[ 0.46086477  0.87831459  0.11680003 -0.14402954],1
[ 0.47843106  1.07158695  0.11391944 -0.39770165],0
[ 0.4998628   0.87504869  0.10596541 -0.07138523],0
[0.51736377 0.67857974 0.10453771 0.25276075],1
[ 0.53093537  0.87206572  0.10959292 -0.00520569],0
[0.54837668 0.67555661 0.10948881 0.31994546],1
[0.56188781 0.86896279 0.11588772 0.06369877],1
[ 0.57926707  1.06224895  0.11716169 -0.190291  ],1
[ 0.60051205  1.25551686  0.11335587 -0.44383864],0
[ 0.62562239  1.05898884  0.1044791  -0.11768325],0
[0.64680216 0.86253713 0.10212543 0.20604844],1
[ 0.66405291  1.05606167  0.1062464  -0.05275317],1
[ 0.68517414  1.24951244  0.10519134 -0.31011536],1
[ 0.71016439  1.44299067  0.09898903 -0.56785928],0
[ 0.7390242   1.24662975  0.08763185 -0.24570453],1
[ 0.7639568   1.44039791  0.08271776 -0.50951068],1
[ 0.79276475  1.63426306  0.07252754 -0.77502282],0
[ 0.82545002  1.43822239  0.05702709 -0.46043048],0
[ 0.85421446  1.24234271  0.04781848 -0.15033172],0
[0.87906132 1.0465698  0.04481184 0.15704524],0
[-0.01021887 -0.00103871  0.00305104  0.00149921],1
[-0.01023964  0.19403935  0.00308102 -0.29021952],1
[-0.00635885  0.38911723 -0.00272337 -0.58192914],0
[ 0.00142349  0.19403355 -0.01436195 -0.29010536],1
[ 0.00530416  0.38935731 -0.02016406 -0.58728307],0
[ 0.01309131  0.19452348 -0.03190972 -0.30101955],1
[ 0.01698178  0.39008536 -0.03793011 -0.60359292],1
[ 0.02478349  0.5857167  -0.05000197 -0.90797764],0
[ 0.03649782  0.391306   -0.06816152 -0.63142051],0
[ 0.04432394  0.19719795 -0.08078993 -0.36095852],0
[ 0.0482679   0.00331175 -0.0880091  -0.09480423],0
[ 0.04833413 -0.19044578 -0.08990519  0.16886591],0
[ 0.04452522 -0.38417352 -0.08652787  0.43188737],0
[ 0.03684175 -0.57797054 -0.07789012  0.69608789],1
[ 0.02528234 -0.38185971 -0.06396837  0.37993698],1
[ 0.01764514 -0.18589046 -0.05636963  0.06779044],0
[ 0.01392733 -0.38016083 -0.05501382  0.34216925],1
[ 0.00632412 -0.1843011  -0.04817043  0.03265822],0
[ 0.0026381  -0.37870035 -0.04751727  0.30976223],0
[-0.00493591 -0.57311422 -0.04132202  0.58708904],0
[-0.0163982  -0.76763382 -0.02958024  0.86647416],1
[-0.03175087 -0.57212207 -0.01225076  0.5646395 ],1
[-0.04319331 -0.3768304  -0.00095797  0.26812234],1
[-0.05072992 -0.18169479  0.00440448 -0.02486258],1
[-0.05436382  0.01336372  0.00390723 -0.3161526 ],0
[-0.05409654 -0.18181367 -0.00241583 -0.02224003],1
[-0.05773282  0.01334285 -0.00286063 -0.3156842 ],1
[-0.05746596  0.20850543 -0.00917431 -0.60926789],0
[-0.05329585  0.01351292 -0.02135967 -0.31948865],0
[-0.05302559 -0.18129842 -0.02774944 -0.03361756],1
[-0.05665156  0.01421025 -0.02842179 -0.33492495],0
[-0.05636736 -0.18049591 -0.03512029 -0.05133854],0
[-0.05997727 -0.37509714 -0.03614706  0.23006005],0
[-0.06747922 -0.56968441 -0.03154586  0.51112537],0
[-0.07887291 -0.76434812 -0.02132335  0.7937027 ],1
[-0.09415987 -0.56894005 -0.0054493   0.49438865],0
[-0.10553867 -0.76398473  0.00443847  0.78534924],1
[-0.12081836 -0.56892404  0.02014546  0.494066  ],0
[-0.13219684 -0.76432423  0.03002678  0.79302917],1
[-0.14748333 -0.56962707  0.04588736  0.50994162],1
[-0.15887587 -0.37518059  0.05608619  0.23206507],1
[-0.16637948 -0.18090303  0.0607275  -0.04241233],1
[-0.16999754  0.0132979   0.05987925 -0.31533386],1
[-0.16973158  0.20751806  0.05357257 -0.58854799],0
[-0.16558122  0.01168845  0.04180161 -0.27948219],1
[-0.16534745  0.20618993  0.03621197 -0.55869346],1
[-0.16122366  0.40078537  0.0250381  -0.83975126],0
[-0.15320795  0.20533067  0.00824307 -0.53930068],1
[-0.14910134  0.40033578 -0.00254294 -0.82937497],0
[-0.14109462  0.20524868 -0.01913044 -0.53749289],1
[-0.13698965  0.4006343  -0.0298803  -0.8361417 ],0
[-0.12897696  0.20593296 -0.04660313 -0.55300355],1
[-0.1248583   0.40167732 -0.0576632  -0.85999766],0
[-0.11682475  0.20738615 -0.07486316 -0.58598888],0
[-0.11267703  0.01338819 -0.08658293 -0.31779621],0
[-0.11240927 -0.18040072 -0.09293886 -0.05362533],1
[-0.11601728  0.01592246 -0.09401136 -0.3741239 ],0
[-0.11569883 -0.1777471  -0.10149384 -0.11250102],0
[-0.11925377 -0.37127934 -0.10374386  0.14651545],0
[-0.12667936 -0.56477444 -0.10081355  0.40475158],1
[-0.13797485 -0.36837809 -0.09271852  0.08206383],0
[-0.14534241 -0.56205706 -0.09107725  0.34411421],1
[-0.15658355 -0.36576546 -0.08419496  0.02415745],0
[-0.16389886 -0.55958538 -0.08371181  0.28913339],0
[-0.17509057 -0.75342004 -0.07792914  0.5542847 ],1
[-0.19015897 -0.5572953  -0.06684345  0.23810244],0
[-0.20130488 -0.7514018  -0.0620814   0.50897463],1
[-0.21633291 -0.55546266 -0.05190191  0.19739191],0
[-0.22744217 -0.7498053  -0.04795407  0.473261  ],0
[-0.24243827 -0.94421836 -0.03848885  0.75045226],1
[-0.26132264 -0.74858731 -0.02347981  0.44591008],1
[-0.27629439 -0.55314118 -0.0145616   0.14591927],0
[-0.28735721 -0.74805161 -0.01164322  0.43397295],0
[-0.30231824 -0.9430068  -0.00296376  0.72296289],1
[-0.32117838 -0.74784398  0.0114955   0.4293486 ],0
[-0.33613526 -0.94312682  0.02008247  0.72563311],0
[-0.35499779 -1.13852063  0.03459513  1.02456857],1
[-0.37776821 -0.94387604  0.0550865   0.74294533],1
[-0.39664573 -0.74955597  0.06994541  0.4680946 ],1
[-0.41163685 -0.55548829  0.0793073   0.19825206],1
[-0.42274661 -0.36158497  0.08327234 -0.06839679],0
[-0.42997831 -0.55779595  0.08190441  0.24935362],1
[-0.44113423 -0.36393336  0.08689148 -0.01641245],0
[-0.4484129  -0.56018703  0.08656323  0.3023714 ],1
[-0.45961664 -0.3663986   0.09261066  0.03819497],1
[-0.46694461 -0.17271831  0.09337456 -0.22389187],0
[-0.47039898 -0.36904218  0.08889672  0.09672333],1
[-0.47777982 -0.17529936  0.09083119 -0.16664213],0
[-0.48128581 -0.37159617  0.08749835  0.15325697],1
[-0.48871773 -0.17782895  0.09056349 -0.11059027],1
[-0.49227431  0.01588642  0.08835168 -0.37338326],0
[-0.49195658 -0.18037223  0.08088401 -0.05420192],1
[-0.49556403  0.0135024   0.07979998 -0.32030913],0
[-0.49529398 -0.18265995  0.07339379 -0.00356567],1
[-0.49894718  0.01133687  0.07332248 -0.27221911],0
[-0.49872044 -0.18475057  0.0678781   0.04265926],1
[-0.50241545  0.00933569  0.06873128 -0.22785886],1
[-0.50222874  0.20341153  0.06417411 -0.4980942 ],0
[-0.49816051  0.00744625  0.05421222 -0.18589712],0
[-0.49801158 -0.18840776  0.05049428  0.12338288],0
[-0.50177974 -0.38421539  0.05296194  0.43155899],1
[-0.50946404 -0.1898818   0.06159312  0.15603087],0
[-0.51326168 -0.38582907  0.06471373  0.46749135],1
[-0.52097826 -0.19167824  0.07406356  0.19588726],1
[-0.52481183  0.00231046  0.07798131 -0.07254329],1
[-0.52476562  0.19623286  0.07653044 -0.33963962],1
[-0.52084096  0.39018718  0.06973765 -0.60724154],1
[-0.51303722  0.58426835  0.05759282 -0.87716941],1
[-0.50135185  0.77856226  0.04004943 -1.15120415],0
[-0.4857806   0.58294127  0.01702535 -0.84623657],0
[-4.74121779e-01  3.87591236e-01  1.00615134e-04 -5.48248775e-01],0
[-0.46636995  0.19246787 -0.01086436 -0.25553415],0
[-0.4625206  -0.00249729 -0.01597504  0.03370227],1
[-0.46257054  0.19285006 -0.015301   -0.26397783],1
[-0.04648561  0.04733676  0.01762293 -0.01611285],1
[-0.04553887  0.2422016   0.01730067 -0.30318385],0
[-0.04069484  0.04683741  0.011237   -0.00509528],1
[-0.03975809  0.24179642  0.01113509 -0.29421172],1
[-0.03492217  0.43675786  0.00525086 -0.5833621 ],1
[-0.02618701  0.63180586 -0.00641639 -0.87438632],1
[-0.01355089  0.82701446 -0.02390411 -1.16907959],0
[ 0.0029894   0.63221147 -0.0472857  -0.88398573],1
[ 0.01563363  0.82794252 -0.06496542 -1.19115095],0
[ 0.03219248  0.63371968 -0.08878844 -0.91951766],0
[ 0.04486687  0.43990276 -0.10717879 -0.65600701],0
[ 0.05366493  0.24642326 -0.12029893 -0.39890334],0
[ 0.05859339  0.05319497 -0.128277   -0.1464383 ],1
[ 0.05965729  0.24989827 -0.13120576 -0.47667911],0
[ 0.06465526  0.05684926 -0.14073935 -0.22805842],0
[ 0.06579224 -0.13601027 -0.14530051  0.01712964],1
[ 0.06307204  0.06086425 -0.14495792 -0.31763848],0
[ 0.06428932 -0.13192766 -0.15131069 -0.07395216],0
[ 0.06165077 -0.32459306 -0.15278973  0.16742817],1
[ 0.05515891 -0.12765178 -0.14944117 -0.16928791],0
[ 0.05260587 -0.3203539  -0.15282693  0.07277125],0
[ 0.04619879 -0.51299218 -0.1513715   0.31360437],0
[ 0.03593895 -0.70567014 -0.14509942  0.55498299],1
[ 0.02182555 -0.50884089 -0.13399976  0.22033197],0
[ 0.01164873 -0.70181831 -0.12959312  0.46792503],0
[-0.00238764 -0.89489411 -0.12023462  0.71711638],1
[-0.02028552 -0.69833149 -0.10589229  0.38913719],1
[-0.03425215 -0.50187841 -0.09810954  0.065034  ],1
[-0.04428972 -0.30549671 -0.09680886 -0.25691994],1
[-0.05039965 -0.1091355  -0.10194726 -0.57849999],1
[-0.05258236  0.08725635 -0.11351726 -0.90147884],0
[-0.05083723 -0.10615976 -0.13154684 -0.64652439],0
[-0.05296043 -0.29922727 -0.14447733 -0.39798857],0
[-0.05894497 -0.49203572 -0.1524371  -0.15411782],0
[-0.06878569 -0.68468371 -0.15551946  0.08686008],0
[-0.08247936 -0.87727412 -0.15378225  0.32672056],0
[-0.10002485 -1.06991044 -0.14724784  0.56723105],0
[-0.12142305 -1.26269345 -0.13590322  0.81014169],1
[-0.14667692 -1.0659973  -0.11970039  0.4779853 ],1
[-0.16799687 -0.86940676 -0.11014068  0.15010163],1
[-0.185385   -0.67289412 -0.10713865 -0.17519716],0
[-0.19884289 -0.86633263 -0.11064259  0.08185835],1
[-0.21616954 -0.66981286 -0.10900543 -0.24358143],0
[-0.2295658  -0.86322267 -0.11387705  0.01282723],0
[-0.24683025 -1.05654291 -0.11362051  0.26752185],0
[-0.26796111 -1.24987545 -0.10827007  0.52231818],0
[-0.29295862 -1.44332024 -0.09782371  0.77901704],0
[-0.32182502 -1.63697085 -0.08224337  1.0393899 ],1
[-0.35456444 -1.44085815 -0.06145557  0.72206286],0
[-0.3833816  -1.63507859 -0.04701431  0.99478698],0
[-0.41608317 -1.82954122 -0.02711857  1.2723415 ],1
[-0.452674   -1.63408388 -0.00167174  0.97129141],1
[-0.48535568 -1.43893953  0.01775408  0.6780838 ],0
[-0.51413447 -1.63430358  0.03131576  0.97630312],1
[-0.54682054 -1.4396153   0.05084182  0.69361921],1
[-0.57561284 -1.24523412  0.06471421  0.41736525],0
[-0.60051753 -1.44121062  0.07306151  0.72972736],1
[-0.62934174 -1.24717048  0.08765606  0.46090463],0
[-0.65428515 -1.44341493  0.09687415  0.77987902],0
[-0.68315345 -1.63972575  0.11247173  1.10140108],1
[-0.71594796 -1.44624873  0.13449975  0.84601624],1
[-0.74487294 -1.2531929   0.15142008  0.59847166],1
[-0.76993679 -1.06047763  0.16338951  0.35705395],1
[-0.79114635 -0.86800984  0.17053059  0.12002038],1
[-0.80850654 -0.6756893   0.172931   -0.11438263],1
[-0.82202033 -0.48341264  0.17064335 -0.34790712],1
[-0.83168858 -0.29107652  0.1636852  -0.58229496],1
[-0.83751011 -0.09858047  0.1520393  -0.81927069],0
[-0.83948172 -0.29541988  0.13565389 -0.48289006],1
[-0.84539012 -0.1024471   0.12599609 -0.72992996],0
[-0.84743906 -0.29906446  0.11139749 -0.40039689],0
[-0.85342035 -0.49557574  0.10338955 -0.07477384],1
[-0.86333187 -0.30207625  0.10189408 -0.33313076],0
[-0.86937339 -0.49848971  0.09523146 -0.01013364],0
[-0.87934319 -0.69483927  0.09502879  0.31101193],1
[-0.89323997 -0.50119059  0.10124903  0.04974592],1
[-0.90326378 -0.30765523  0.10224394 -0.20935401],1
[-0.90941689 -0.11413256  0.09805686 -0.46811468],1
[-0.91169954  0.07947726  0.08869457 -0.7283518 ],1
[-0.91010999  0.27326845  0.07412753 -0.99185393],0
[-0.90464462  0.07723705  0.05429046 -0.67684079],1
[-0.90309988  0.27156431  0.04075364 -0.95194865],0
[-0.8976686   0.07591832  0.02171467 -0.64674509],1
[-0.89615023  0.27073109  0.00877977 -0.93251174],0
[-0.89073561  0.07549178 -0.00987047 -0.63708284],1
[-0.88922577  0.27074998 -0.02261213 -0.93285775],0
[-0.88381077  0.0759403  -0.04126928 -0.64736533],1
[-0.88229197  0.2716122  -0.05421659 -0.952753  ],0
[-0.87685972  0.07726004 -0.07327165 -0.67758499],0
[-0.87531452 -0.11677155 -0.08682335 -0.40884112],0
[-0.87764995 -0.31056209 -0.09500017 -0.14474426],0
[-0.8838612  -0.50420423 -0.09789506  0.11652116],0
[-0.89394528 -0.69779715 -0.09556463  0.37678498],0
[-0.90790122 -0.8914411  -0.08802893  0.63787231],1
[-0.92573005 -0.69520908 -0.07527149  0.31881691],0
[-0.93963423 -0.88918279 -0.06889515  0.58684468],0
[-0.95741788 -1.08327564 -0.05715825  0.85705411],0
[-0.9790834  -1.27757418 -0.04001717  1.13123059],1
[-1.00463488 -1.08195179 -0.01739256  0.82627002],0
[-1.02627391e+00 -1.27683163e+00 -8.67159917e-04  1.11343241e+00],1
[-1.05181055 -1.0816983   0.02140149  0.82047758],0
[-1.07344451 -1.27710649  0.03781104  1.11981429],1
[-1.09898664 -1.08250039  0.06020733  0.83922758],1
[-1.12063665 -0.88824993  0.07699188  0.5660701 ],1
[-1.13840165 -0.69428771  0.08831328  0.29860192],1
[-1.1522874  -0.50052834  0.09428532  0.03502588],1
[-1.16229797 -0.30687606  0.09498584 -0.22648353],1
[-1.16843549 -0.11323087  0.09045616 -0.48775809],1
[-1.17070011  0.08050616  0.080701   -0.75061768],0
[-1.16908999 -0.11563057  0.06568865 -0.43366974],0
[-1.1714026  -0.31161805  0.05701525 -0.12102398],1
[-1.17763496 -0.11735735  0.05459477 -0.39518813],1
[-1.1799821   0.07694917  0.04669101 -0.67017077],1
[-1.17844312  0.27139193  0.0332876  -0.94779488],0
[-1.17301528  0.07583796  0.0143317  -0.64484167],0
[-1.17149852 -0.11948075  0.00143487 -0.34768031],0
[-1.17388814 -0.31462308 -0.00551874 -0.05454527],1
[-1.1801806  -0.11942244 -0.00660965 -0.34896428],0
[-1.18256905 -0.31444976 -0.01358893 -0.05837291],0
[-1.18885804 -0.50937426 -0.01475639  0.22999183],0
[-1.19904553 -0.70428227 -0.01015655  0.51798379],1
[-1.21313118e+00 -5.09018805e-01  2.03122600e-04  2.22117719e-01],1
[-1.22331155 -0.31389976  0.00464548 -0.07050113],1
[-1.22958955 -0.11884471  0.00323545 -0.36171477],0
[-1.23196644 -0.3140125  -0.00399884 -0.0680134 ],0
[-1.23824669 -0.5090769  -0.00535911  0.2234052 ],0
[ 0.00014882 -0.01557425 -0.00728564  0.0001038 ],1
[-1.62662461e-04  1.79651426e-01 -7.28356516e-03 -2.94868906e-01],0
[ 0.00343037 -0.01536593 -0.01318094 -0.00449198],0
[ 0.00312305 -0.21029639 -0.01327078  0.28400323],1
[-0.00108288 -0.0149877  -0.00759072 -0.0128355 ],1
[-0.00138263  0.18024228 -0.00784743 -0.30790369],0
[ 0.00222221 -0.01476698 -0.0140055  -0.01770593],1
[ 0.00192687  0.180553   -0.01435962 -0.31477464],0
[ 0.00553793 -0.01436149 -0.02065511 -0.02665464],1
[ 0.0052507   0.18105049 -0.02118821 -0.32578225],1
[ 0.00887171  0.37646761 -0.02770385 -0.625071  ],0
[ 0.01640106  0.18174314 -0.04020527 -0.34124027],0
[ 0.02003593 -0.0127844  -0.04703008 -0.06150193],1
[ 0.01978024  0.1829792  -0.04826012 -0.3686444 ],0
[ 0.02343982 -0.01142499 -0.055633   -0.09156058],0
[ 0.02321132 -0.20570723 -0.05746421  0.18306424],0
[ 0.01909718 -0.39996187 -0.05380293  0.45708006],1
[ 0.01109794 -0.2041222  -0.04466133  0.14793519],1
[ 0.0070155  -0.00839009 -0.04170263 -0.15849627],0
[ 0.00684769 -0.20289094 -0.04487255  0.12074433],0
[ 0.00278988 -0.39734223 -0.04245766  0.39893955],1
[-0.00515697 -0.20164449 -0.03447887  0.09317869],1
[-0.00918986 -0.00604575 -0.0326153  -0.21017982],0
[-0.00931077 -0.20068655 -0.0368189   0.0720389 ],1
[-0.0133245  -0.00505662 -0.03537812 -0.23202943],1
[-0.01342564  0.19055252 -0.04001871 -0.53565853],0
[-0.00961459 -0.00398453 -0.05073188 -0.25584894],0
[-0.00969428 -0.19834683 -0.05584886  0.02041063],1
[-0.01366121 -0.00247027 -0.05544064 -0.28935714],0
[-0.01371062 -0.19675962 -0.06122779 -0.01466208],0
[-0.01764581 -0.39095248 -0.06152103  0.25809166],1
[-0.02546486 -0.19500865 -0.05635919 -0.05334383],0
[-0.02936503 -0.38927909 -0.05742607  0.22103831],0
[-0.03715062 -0.58353519 -0.0530053   0.49506815],1
[-0.04882132 -0.38770737 -0.04310394  0.18616271],0
[-0.05657547 -0.58218695 -0.03938069  0.46494249],1
[-0.06821921 -0.3865313  -0.03008184  0.16011163],1
[-0.07594983 -0.19099189 -0.0268796  -0.14190752],1
[-0.07976967  0.00450451 -0.02971776 -0.44294784],1
[-0.07967958  0.20003409 -0.03857671 -0.74484844],0
[-0.0756789   0.00546513 -0.05347368 -0.46455089],1
[-0.0755696   0.20130033 -0.0627647  -0.77359756],1
[-0.07154359  0.39722703 -0.07823665 -1.08534964],0
[-0.06359905  0.20321943 -0.09994364 -0.81820653],0
[-0.05953466  0.00959716 -0.11630777 -0.558557  ],0
[-0.05934272 -0.1837166  -0.12747891 -0.30466287],0
[-0.06301705 -0.37681321 -0.13357217 -0.05474564],0
[-0.07055331 -0.5697922  -0.13466708  0.19299085],0
[-0.08194916 -0.76275646 -0.13080727  0.44034405],1
[-0.09720429 -0.56604941 -0.12200039  0.10945645],0
[-0.10852527 -0.75923108 -0.11981126  0.36129593],0
[-0.1237099  -0.95246439 -0.11258534  0.61392772],0
[-0.14275918 -1.14584802 -0.10030678  0.86913648],1
[-0.16567614 -0.94951501 -0.08292405  0.54667651],1
[-0.18466644 -0.75333189 -0.07199052  0.22906127],1
[-0.19973308 -0.55725896 -0.0674093  -0.08543326],1
[-0.21087826 -0.36123874 -0.06911796 -0.39859913],0
[-0.21810304 -0.55531556 -0.07708995 -0.12848349],0
[-0.22920935 -0.74925338 -0.07965962  0.13891726],0
[-0.24419441 -0.94314938 -0.07688127  0.40544378],0
[-0.2630574  -1.13710169 -0.06877239  0.67293203],0
[-0.28579944 -1.33120374 -0.05531375  0.9431937 ],1
[-0.31242351 -1.1353819  -0.03644988  0.63365623],1
[-0.33513115 -0.93977095 -0.02377676  0.32972081],0
[-0.35392657 -1.1345465  -0.01718234  0.61481185],0
[-0.3766175  -1.32942421 -0.0048861   0.9020339 ],1
[-0.40320598 -1.13423641  0.01315458  0.60781918],1
[-0.42589071 -0.93930082  0.02531096  0.31930843],0
[-0.44467673 -1.13477393  0.03169713  0.61986481],1
[-0.46737221 -0.94010868  0.04409442  0.33733101],1
[-0.48617438 -0.74564105  0.05084104  0.05887265],1
[-0.5010872  -0.55128353  0.0520185  -0.21734609],1
[-0.51211287 -0.3569423   0.04767158 -0.49317708],0
[-0.51925172 -0.55270306  0.03780803 -0.1858594 ],0
[-0.53030578 -0.74834499  0.03409085  0.11850669],1
[-0.54527268 -0.55372765  0.03646098 -0.16322894],0
[-0.55634723 -0.74935208  0.0331964   0.14072983],1
[-0.57133427 -0.55472091  0.036011   -0.14129813],1
[-0.58242869 -0.36013271  0.03318503 -0.42240624],0
[-0.58963134 -0.55570871  0.02473691 -0.11944915],0
[-0.60074552 -0.75117619  0.02234793  0.18093427],0
[-0.61576904 -0.94661068  0.02596661  0.48058255],1
[-0.63470126 -0.75186471  0.03557826  0.1961954 ],1
[-0.64973855 -0.55726926  0.03950217 -0.08505526],0
[-0.66088394 -0.75293453  0.03780107  0.21982431],1
[-0.67594263 -0.55837274  0.04219755 -0.06069903],1
[-0.68711008 -0.36388041  0.04098357 -0.33977541],0
[-0.69438769 -0.55956082  0.03418806 -0.03445547],0
[-0.70557891 -0.75515594  0.03349895  0.26881509],0
[-0.72068202 -0.95073954  0.03887526  0.57187274],0
[-0.73969682 -1.14638443  0.05031271  0.8765448 ],0
[-0.7626245  -1.3421528   0.06784361  1.18461145],1
[-0.78946756 -1.14797332  0.09153584  0.91394303],1
[-0.81242703 -0.95420079  0.1098147   0.65137503],1
[-0.83151104 -0.76076574  0.1228422   0.39519089],0
[-0.84672636 -0.95739707  0.13074601  0.72394011],1
[-0.8658743  -0.7643024   0.14522482  0.47510014],1
[-0.88116035 -0.57149761  0.15472682  0.23148349],1
[-0.8925903  -0.37888608  0.15935649 -0.0086739 ],1
[-0.90016802 -0.18636574  0.15918301 -0.24714268],1
[-0.90389533  0.00616714  0.15424016 -0.48568833],1
[-0.90377199  0.19881464  0.14452639 -0.72606205],0
[-0.8997957   0.00202147  0.13000515 -0.39160689],0
[-0.89975527 -0.19468272  0.12217301 -0.06092658],1
[-0.90364892 -0.00150502  0.12095448 -0.31270368],0
[-0.90367902 -0.1981238   0.11470041  0.0155437 ],1
[-0.9076415  -0.00481767  0.11501128 -0.23886218],1
[-0.90773785  0.18848947  0.11023404 -0.49316844],0
[-0.90396806 -0.00800052  0.10037067 -0.16787918],1
[-0.90412807  0.18555218  0.09701309 -0.42728756],0
[-0.90041703 -0.01080032  0.08846733 -0.10566658],0
[-0.90063304 -0.20707135  0.086354    0.21356411],0
[-0.90477446 -0.40331495  0.09062529  0.53218918],0
[-0.91284076 -0.59958686  0.10126907  0.85199627],1
[-0.9248325  -0.40598054  0.11830899  0.59279689],1
[-0.93295211 -0.21269609  0.13016493  0.33959867],1
[-0.93720603 -0.01964326  0.13695691  0.09062964],1
[-0.9375989   0.17327697  0.1387695  -0.15590138],1
[-0.93413336  0.36616744  0.13565147 -0.40178828],0
[-0.92681001  0.16940843  0.1276157  -0.06960174],0
[-0.92342184 -0.02729019  0.12622367  0.26046416],1
[-0.92396765  0.16582509  0.13143295  0.01010707],1
[-0.92065114  0.35884118  0.13163509 -0.23838981],1
[-0.91347432  0.55186098  0.1268673  -0.48682563],0
[-0.9024371   0.35519866  0.11713079 -0.15700396],0
[-0.89533313  0.15861146  0.11399071  0.17021409],1
[-0.8921609   0.35193295  0.11739499 -0.08444545],1
[-0.88512224  0.54519353  0.11570608 -0.33790614],1
[-0.87421837  0.7384952   0.10894796 -0.59197815],1
[-0.85944846  0.93193685  0.09710839 -0.84845288],0
[-0.84080973  0.73563408  0.08013934 -0.52688097],0
[-0.82609705  0.53948139  0.06960172 -0.21006049],1
[-0.81530742  0.73354268  0.06540051 -0.48000126],1
[-0.80063656  0.92768339  0.05580048 -0.7513757 ],0
[-0.7820829   0.73183813  0.04077297 -0.44166821],0
[-0.76744613  0.53616362  0.0319396  -0.13641647],0
[-0.75672286  0.3405991   0.02921127  0.16616936],0
[-0.74991088  0.14507144  0.03253466  0.46792261],1
[-0.74700945  0.33971901  0.04189311  0.18566928],0
[-0.74021507  0.14402347  0.0456065   0.491268  ],0
[-0.7373346  -0.05171113  0.05543186  0.79796828],1
[-0.73836882  0.14260825  0.07139122  0.52322554],1
[-0.73551666  0.33665663  0.08185574  0.2538656 ],1
[-0.72878353  0.53052019  0.08693305 -0.01191735],1
[-0.71817312  0.7242948   0.0866947  -0.2759555 ],0
[-0.70368723  0.52804982  0.08117559  0.04276275],0
[-0.69312623  0.33186333  0.08203085  0.35991287],0
[-0.68648896  0.13567695  0.0892291   0.67729292],1
[-0.68377542  0.32945329  0.10277496  0.4139833 ],0
[-0.67718636  0.13303618  0.11105463  0.73721699],1
[-0.67452563  0.32646344  0.12579897  0.48144643],0
[-0.66799637  0.12981121  0.1354279   0.81098121],1
[-0.66540014  0.32284375  0.15164752  0.56377781],1
[-0.65894327  0.5155491   0.16292308  0.32245083],0
[-0.64863229  0.31852746  0.16937209  0.66175742],1
[-0.64226174  0.51093855  0.18260724  0.42682832],1
[-0.63204296  0.70306816  0.19114381  0.19681421],1
[-0.6179816   0.89501536  0.19508009 -0.03000816],0
[-0.60008129  0.69770878  0.19447993  0.31732846],1
[-0.58612712  0.88960597  0.2008265   0.0917264 ],1
[-0.568335    1.0813679   0.20266103 -0.13148855],1
[-0.54670764  1.27309737  0.20003126 -0.35402166],0
[-0.52124569  1.07577693  0.19295082 -0.00552495],1
[-0.49973016  1.26768354  0.19284032 -0.23166675],1
[-0.47437648  1.45960219  0.18820699 -0.45786426],1
[-0.44518444  1.65163466  0.1790497  -0.68581964],1
[-0.41215175  1.84387887  0.16533331 -0.91721615],0
[-0.37527417  1.64695416  0.14698899 -0.57747026],0
[-0.34233509  1.45011101  0.13543958 -0.24233019],1
[-0.31333287  1.64306455  0.13059298 -0.48941232],1
[-0.00673742 -0.04901228  0.04201665  0.0168566 ],0
[-0.00771766 -0.24471083  0.04235378  0.3224946 ],1
[-0.01261188 -0.05021678  0.04880367  0.04346345],1
[-0.01361622  0.1441726   0.04967294 -0.23343087],1
[-0.01073276  0.33855092  0.04500432 -0.51004087],0
[-0.00396175  0.14282481  0.03480351 -0.20352217],0
[-0.00110525 -0.05277713  0.03073306  0.09993323],0
[-0.00216079 -0.24832575  0.03273173  0.40215175],1
[-0.00712731 -0.05368298  0.04077476  0.11996538],1
[-0.00820097  0.14083177  0.04317407 -0.15957978],0
[-0.00538433 -0.05488084  0.03998247  0.14640481],1
[-0.00648195  0.13964641  0.04291057 -0.13340115],1
[-0.00368902  0.33412827  0.04024255 -0.41224357],0
[ 0.00299355  0.13845965  0.03199768 -0.10715015],1
[ 0.00576274  0.3331088   0.02985467 -0.38956871],0
[ 0.01242491  0.13757612  0.0220633  -0.08762441],1
[ 0.01517644  0.33237498  0.02031081 -0.3732655 ],0
[ 0.02182394  0.13697048  0.0128455  -0.07424824],0
[ 0.02456335 -0.05833325  0.01136054  0.22245966],0
[ 0.02339668 -0.25361572  0.01580973  0.51870439],1
[ 0.01832437 -0.05871988  0.02618382  0.23104503],1
[ 0.01714997  0.13601832  0.03080472 -0.05326499],0
[ 0.01987034 -0.05953147  0.02973942  0.2489757 ],1
[ 0.01867971  0.13515343  0.03471893 -0.03418042],1
[ 0.02138277  0.32976074  0.03403532 -0.31571016],0
[ 0.02797799  0.13417093  0.02772112 -0.0124909 ],1
[ 0.03066141  0.32888458  0.0274713  -0.2963002 ],1
[ 0.0372391   0.52360435  0.0215453  -0.58019411],0
[ 0.04771119  0.32818722  0.00994142 -0.28080261],1
[ 0.05427493  0.52316596  0.00432536 -0.57033354],0
[ 0.06473825  0.32798362 -0.00708131 -0.27629111],0
[ 0.07129792  0.13296341 -0.01260713  0.01414998],1
[ 0.07395719  0.32826387 -0.01232413 -0.28248383],0
[ 0.08052247  0.13331985 -0.01797381  0.00628679],1
[ 0.08318887  0.3286949  -0.01784807 -0.29201246],1
[ 0.08976276  0.52406673 -0.02368832 -0.59027058],1
[ 0.1002441   0.7195122  -0.03549373 -0.89032026],0
[ 0.11463434  0.52488935 -0.05330014 -0.60900281],0
[ 0.12513213  0.33055143 -0.06548019 -0.33357273],0
[ 0.13174316  0.1364196  -0.07215165 -0.06223646],0
[ 0.13447155 -0.05759768 -0.07339638  0.20683808],1
[ 0.1333196   0.13849289 -0.06925961 -0.10806504],0
[ 0.13608945 -0.05557173 -0.07142092  0.16198794],1
[ 0.13497802  0.14049614 -0.06818116 -0.15234398],1
[ 0.13778794  0.33652476 -0.07122804 -0.46573346],1
[ 0.14451844  0.53257706 -0.08054271 -0.77998957],0
[ 0.15516998  0.33864932 -0.0961425  -0.51369493],0
[ 0.16194296  0.14500356 -0.1064164  -0.25279009],0
[ 0.16484304 -0.04845064 -0.1114722   0.00452229],0
[ 0.16387402 -0.24181205 -0.11138175  0.26005923],0
[ 0.15903778 -0.43518233 -0.10618057  0.51563874],0
[ 0.15033414 -0.6286614  -0.09586779  0.77306441],0
[ 0.13776091 -0.82234283 -0.0804065   1.03411057],1
[ 0.12131405 -0.62624906 -0.05972429  0.71730619],1
[ 0.10878907 -0.43035364 -0.04537817  0.40643847],0
[ 0.100182   -0.62480373 -0.0372494   0.68447674],1
[ 0.08768592 -0.42918493 -0.02355986  0.38030331],0
[ 0.07910222 -0.62396454 -0.0159538   0.66546567],1
[ 0.06662293 -0.42862436 -0.00264448  0.36780247],0
[ 0.05805045 -0.62370863  0.00471156  0.65965038],0
[ 0.04557627 -0.81889584  0.01790457  0.95381313],1
[ 0.02919836 -0.62401929  0.03698083  0.66680883],0
[ 0.01671797 -0.81963551  0.05031701  0.97090243],1
[ 3.25260408e-04 -6.25223693e-01  6.97350601e-02  6.94440743e-01],1
[-0.01217921 -0.43113477  0.08362387  0.42450046],0
[-0.02080191 -0.62733559  0.09211388  0.74233004],1
[-0.03334862 -0.43359772  0.10696048  0.47999845],1
[-0.04202057 -0.2401354   0.11656045  0.22284984],1
[-0.04682328 -0.04685563  0.12101745 -0.03091134],1
[-0.0477604   0.14634174  0.12039922 -0.28309557],1
[-0.04483356  0.33955906  0.11473731 -0.53551152],0
[-0.03804238  0.14302653  0.10402708 -0.20899225],1
[-0.03518185  0.33651908  0.09984724 -0.46713324],0
[-0.02845147  0.14013867  0.09050457 -0.14472343],0
[-0.02564869 -0.05615499  0.0876101   0.17508404],1
[-0.02677179  0.13761099  0.09111178 -0.08872577],1
[-0.02401957  0.33131685  0.08933727 -0.35132956],0
[-0.01739324  0.13504554  0.08231068 -0.03186643],1
[-0.01469233  0.32889656  0.08167335 -0.29748648],0
[-0.0081144   0.13271108  0.07572362  0.01979607],0
[-0.00546017 -0.06341056  0.07611954  0.33537696],0
[-0.00672838 -0.25952863  0.08282708  0.65105977],1
[-0.01191896 -0.065652    0.09584828  0.38556512],1
[-0.013232    0.12798786  0.10355958  0.12457479],0
[-0.01067224 -0.06845352  0.10605107  0.44805033],1
[-0.01204131  0.12502099  0.11501208  0.19058962],1
[-0.00954089  0.3183258   0.11882387 -0.0637129 ],0
[-0.00317437  0.12171837  0.11754962  0.26397082],1
[-0.00074001  0.31498344  0.12282903  0.01055385],1
[ 0.00555966  0.50814935  0.12304011 -0.24099105],1
[ 0.01572265  0.70131853  0.11822029 -0.49247173],0
[ 0.02974902  0.50474488  0.10837085 -0.16499348],0
[0.03984392 0.30825194 0.10507098 0.15981559],1
[ 0.04600896  0.50172498  0.1082673  -0.09795945],1
[ 0.05604345  0.69514209  0.10630811 -0.35461794],1
[ 0.0699463   0.88860453  0.09921575 -0.6119776 ],0
[ 0.08771839  0.69224616  0.0869762  -0.28976693],0
[0.10156331 0.4959986  0.08118086 0.02903045],0
[0.11148328 0.29981197 0.08176147 0.34618219],0
[0.11747952 0.10362795 0.08868511 0.66348625],1
[0.11955208 0.2974115  0.10195483 0.39999253],0
[0.12550031 0.10100223 0.10995469 0.72299935],1
[0.12752036 0.29444547 0.12441467 0.46684835],1
[0.13340926 0.48761023 0.13375164 0.21582445],1
[ 0.14316147  0.68059173  0.13806813 -0.03185657],1
[ 0.1567733   0.87349143  0.137431   -0.2779894 ],1
[ 0.17424313  1.06641253  0.13187121 -0.52436489],0
[ 0.19557138  0.86970532  0.12138391 -0.19320806],1
[ 0.21296549  1.06290065  0.11751975 -0.44526945],0
[ 0.2342235   0.86632918  0.10861436 -0.11797469],0
[0.25155009 0.66983218 0.10625487 0.20690381],0
[0.26494673 0.47336395 0.11039294 0.53112431],1
[0.27441401 0.66677409 0.12101543 0.2751647 ],1
[0.28774949 0.85998029 0.12651872 0.02296666],1
[ 0.3049491   1.05308218  0.12697806 -0.22727367],0
[0.32601074 0.85639587 0.12243258 0.10261185],1
[ 0.34313866  1.04956989  0.12448482 -0.14907484],0
[0.36413006 0.85290557 0.12150332 0.18014297],1
[ 0.38118817  1.04609825  0.12510618 -0.07187545],1
[ 0.40211013  1.23922526  0.12366867 -0.32261653],0
[0.42689464 1.04257922 0.11721634 0.00636578],0
[0.44774622 0.84598831 0.11734366 0.33361138],1
[0.46466599 1.03926167 0.12401589 0.08011494],1
[ 0.48545122  1.23240775  0.12561819 -0.17101183],1
[ 0.51009938  1.42552881  0.12219795 -0.42157615],0
[ 0.53860995  1.22890666  0.11376643 -0.09300535],1
[ 0.56318809  1.42222974  0.11190632 -0.34774016],1
[ 0.59163268  1.61559688  0.10495152 -0.60314478],1
[ 0.62394462  1.80910649  0.09288862 -0.86101293],0
[ 0.66012675  1.61285066  0.07566836 -0.54062829],1
[ 0.69238376  1.806832    0.0648558  -0.80854241],0
[ 0.7285204   1.61088409  0.04868495 -0.49618424],0
[ 0.76073808  1.41511064  0.03876126 -0.1885643 ],0
[0.78904029 1.2194562  0.03498998 0.11608988],1
[ 0.81342942  1.41405978  0.03731177 -0.16535187],1
[ 0.84171061  1.60862831  0.03400474 -0.44603442],0
[ 0.87388318  1.4130422   0.02508405 -0.14282939],1
[ 0.90214402  1.60779609  0.02222746 -0.42749439],0
[ 0.93429995  1.4123665   0.01367757 -0.12788808],1
[ 0.96254728  1.60728987  0.01111981 -0.4162247 ],0
[ 0.99469307  1.4120121   0.00279532 -0.120057  ],0
[1.02293332e+00 1.21685021e+00 3.94176884e-04 1.73506507e-01],0
[1.04727032 1.02172262 0.00386431 0.46631376],1
[-0.04082669 -0.04258171 -0.0051084   0.01655752],1
[-0.04167832  0.15261313 -0.00477725 -0.27773278],0
[-0.03862606 -0.04244034 -0.01033191  0.01343958],1
[-0.03947487  0.15282825 -0.01006312 -0.28248519],0
[-0.0364183  -0.04214873 -0.01571282  0.00700696],1
[-0.03726128  0.153195   -0.01557268 -0.29059184],1
[-0.03419738  0.3485355  -0.02138452 -0.58814525],0
[-0.02722667  0.15371944 -0.03314742 -0.30227454],0
[-0.02415228 -0.04091479 -0.03919291 -0.02022713],1
[-0.02497058  0.15474667 -0.03959746 -0.32501371],0
[-0.02187564 -0.03978976 -0.04609773 -0.04507641],0
[-0.02267144 -0.23422142 -0.04699926  0.23271333],0
[-0.02735587 -0.4286414  -0.04234499  0.51020857],1
[-0.03592869 -0.2329493  -0.03214082  0.20448784],1
[-0.04058768 -0.03738281 -0.02805106 -0.09815816],1
[-0.04133534  0.15812971 -0.03001423 -0.39955749],0
[-0.03817274 -0.0365539  -0.03800538 -0.11648647],0
[-0.03890382 -0.23111127 -0.04033511  0.16396796],1
[-0.04352604 -0.03543582 -0.03705575 -0.14116179],0
[-0.04423476 -0.23000801 -0.03987898  0.13960424],0
[-0.04883492 -0.42453677 -0.0370869   0.41944408],1
[-0.05732566 -0.22890947 -0.02869802  0.11530386],1
[-0.06190385 -0.03338833 -0.02639194 -0.18629315],1
[-0.06257161  0.16210109 -0.0301178  -0.48718349],0
[-0.05932959 -0.03258324 -0.03986147 -0.20414272],0
[-0.05998126 -0.22711314 -0.04394433  0.07570417],0
[-0.06452352 -0.42157846 -0.04243024  0.35420507],0
[-0.07295509 -0.61607222 -0.03534614  0.63321238],0
[-0.08527653 -0.81068372 -0.02268189  0.9145577 ],0
[-0.10149021 -1.00549167 -0.00439074  1.20002655],1
[-0.12160004 -0.81031319  0.01960979  0.90597078],1
[-0.1378063  -0.61546218  0.03772921  0.61951537],1
[-0.15011555 -0.42088694  0.05011952  0.33894997],1
[-0.15853329 -0.22651265  0.05689851  0.06248363],1
[-0.16306354 -0.0322507   0.05814819 -0.2117186 ],1
[-0.16370855  0.16199374  0.05391382 -0.48550687],1
[-0.16046868  0.35631508  0.04420368 -0.76072239],1
[-0.15334238  0.55080108  0.02898923 -1.03917476],0
[-0.14232636  0.35530617  0.00820573 -0.73753396],0
[-0.13522023  0.16007185 -0.00654494 -0.44227989],1
[-0.13201879  0.35528581 -0.01539054 -0.73701875],1
[-0.12491308  0.5506169  -0.03013092 -1.03450534],0
[-0.11390074  0.35590829 -0.05082102 -0.75143213],0
[-0.10678258  0.16152265 -0.06584967 -0.47516508],0
[-0.10355212 -0.03261064 -0.07535297 -0.20394209],0
[-0.10420433 -0.22657862 -0.07943181  0.06405144],0
[-0.10873591 -0.42047718 -0.07815078  0.33065382],1
[-0.11714545 -0.22433479 -0.0715377   0.0143853 ],1
[-0.12163215 -0.02826369 -0.07125    -0.29998326],0
[-0.12219742 -0.22230157 -0.07724966 -0.0305947 ],0
[-0.12664345 -0.41623561 -0.07786156  0.23674999],1
[-0.13496816 -0.2200926  -0.07312656 -0.07944132],0
[-0.13937002 -0.41409422 -0.07471538  0.18930334],0
[-0.1476519  -0.60807215 -0.07092932  0.45751258],0
[-0.15981334 -0.80212344 -0.06177907  0.72702188],0
[-0.17585581 -0.99633931 -0.04723863  0.99963842],1
[-0.1957826  -0.80061886 -0.02724586  0.69250226],1
[-0.21179498 -0.60512972 -0.01339581  0.39136809],0
[-0.22389757 -0.80005902 -0.00556845  0.67979756],0
[-0.23989875 -0.99510318  0.0080275   0.97072215],1
[-0.25980081 -0.80008989  0.02744194  0.6805717 ],0
[-0.27580261 -0.99558203  0.04105338  0.98176642],0
[-0.29571425 -1.19122938  0.0606887   1.28705648],1
[-0.31953884 -0.99692994  0.08642983  1.0139754 ],1
[-0.33947744 -0.80306047  0.10670934  0.74963544],1
[-0.35553865 -0.60955952  0.12170205  0.49234801],1
[-0.36772984 -0.41634542  0.13154901  0.24036269],1
[-0.37605675 -0.223324    0.13635626 -0.00810391],1
[-0.38052323 -0.03039429  0.13619419 -0.25484765],0
[-0.38113111 -0.22717137  0.13109723  0.07750213],1
[-0.38567454 -0.03414866  0.13264728 -0.17111518],1
[-0.38635751  0.15884993  0.12922497 -0.41918586],0
[-0.38318051 -0.03784364  0.12084125 -0.08871904],0
[-0.38393739 -0.23447181  0.11906687  0.2395133 ],0
[-0.38862682 -0.43107563  0.12385714  0.56725408],1
[-0.39724834 -0.23788882  0.13520222  0.31601469],0
[-0.40200611 -0.43465152  0.14152251  0.64809374],1
[-0.41069914 -0.24175522  0.15448439  0.40311092],1
[-0.41553425 -0.04912305  0.16254661  0.16284171],1
[-0.41651671  0.14334396  0.16580344 -0.07447471],1
[-0.41364983  0.33574878  0.16431395 -0.31060084],0
[-0.40693485  0.13871367  0.15810193  0.02906219],1
[-0.40416058  0.3312567   0.15868318 -0.20986167],0
[-0.39753545  0.13426372  0.15448594  0.12837265],1
[-0.39485017  0.32687399  0.15705339 -0.11186356],0
[-0.38831269  0.12989103  0.15481612  0.22595842],1
[-0.38571487  0.32250058  0.15933529 -0.01416612],1
[-0.37926486  0.51502132  0.15905197 -0.25264262],0
[-0.36896443  0.31802805  0.15399912  0.08568195],0
[-0.36260387  0.12107246  0.15571276  0.42271603],1
[-0.36018242  0.31368525  0.16416708  0.18288718],1
[-0.35390872  0.50612412  0.16782482 -0.05384144],0
[-0.34378624  0.30904309  0.16674799  0.28673596],1
[-0.33760537  0.5014432   0.17248271  0.0509358 ],0
[-0.32757651  0.30432166  0.17350143  0.39268953],1
[-0.32149008  0.49661165  0.18135522  0.1593389 ],1
[-0.31155784  0.68873651  0.184542   -0.07109552],1
[-0.29778311  0.88079925  0.18312008 -0.30034999],1
[-0.28016713  1.07290323  0.17711308 -0.53015116],0
[-0.25870906  0.87579004  0.16651006 -0.18730727],1
[-0.24119326  1.06818684  0.16276392 -0.42318291],1
[-0.21982953  1.26067399  0.15430026 -0.66045595],0
[-0.19461605  1.0637798   0.14109114 -0.32343905],1
[-0.17334045  1.25664034  0.13462236 -0.56851191],1
[-0.14820764  1.44964278  0.12325212 -0.81593663],0
[-0.11921479  1.25306831  0.10693339 -0.48716727],0
[-0.09415342  1.0566129   0.09719004 -0.16278883],0
[-0.07302116  0.86024367  0.09393427  0.15890386],0
[-0.05581629  0.66391117  0.09711234  0.47968036],1
[-0.04253807  0.8575377   0.10670595  0.21911521],1
[-0.02538731  1.05098535  0.11108825 -0.03809382],1
[-0.00436761  1.24435348  0.11032638 -0.29376533],1
[ 0.02051946  1.43774372  0.10445107 -0.54971685],1
[ 0.04927434  1.63125538  0.09345673 -0.80774956],1
[ 0.08189945  1.82498078  0.07730174 -1.06963325],0
[ 0.11839906  1.62892637  0.05590908 -0.75372576],1
[ 0.15097759  1.82323475  0.04083456 -1.02830421],0
[ 0.18744228  1.62759379  0.02026848 -0.72308538],0
[ 0.21999416  1.43219745  0.00580677 -0.42409255],0
[ 0.24863811  1.23699372 -0.00267508 -0.12958472],1
[ 0.27337798  1.43215389 -0.00526677 -0.4231104 ],0
[ 0.30202106  1.23710695 -0.01372898 -0.13209246],1
[ 0.3267632   1.43242284 -0.01637083 -0.42907489],0
[ 0.35541166  1.23753651 -0.02495233 -0.14159737],0
[ 0.38016239  1.04278065 -0.02778428  0.14311026],1
[ 0.401018    1.23828926 -0.02492207 -0.158207  ],0
[ 0.42578378  1.04353282 -0.02808621  0.1265106 ],0
[ 0.44665444  0.84882426 -0.025556    0.41020201],0
[ 0.46363093  0.65407377 -0.01735196  0.69471971],1
[ 0.4767124   0.84943205 -0.00345757  0.39662518],1
[0.49370104 1.04460288 0.00447494 0.10285416],0
[0.5145931  0.84941709 0.00653202 0.39694555],0
[0.53158144 0.65420307 0.01447093 0.69168072],1
[0.5446655  0.84912129 0.02830455 0.40358832],1
[0.56164793 1.04383061 0.03637631 0.11996174],1
[ 0.58252454  1.23841301  0.03877555 -0.1610265 ],0
[0.6072928  1.04275802 0.03555502 0.14363255],0
[0.62814796 0.84714538 0.03842767 0.44731702],1
[0.64509087 1.04170326 0.04737401 0.16699062],1
[ 0.66592493  1.2361162   0.05071382 -0.11037886],1
[ 0.69064726  1.43047614  0.04850624 -0.38664048],1
[ 0.71925678  1.62487716  0.04077343 -0.66364379],0
[ 0.75175432  1.42921241  0.02750056 -0.35840653],0
[ 0.78033857  1.23371052  0.02033243 -0.05718043],1
[ 0.80501278  1.42853513  0.01918882 -0.34337962],0
[ 0.83358349  1.23314552  0.01232123 -0.04470799],1
[ 0.8582464   1.42808865  0.01142707 -0.33347813],0
[ 0.88680817  1.23280593  0.00475751 -0.0372137 ],0
[0.91146429 1.03761608 0.00401323 0.25696646],0
[0.93221661 0.84243707 0.00915256 0.55091251],1
[0.94906535 1.03742928 0.02017081 0.26112726],1
[ 0.96981394  1.23225757  0.02539336 -0.02512591],0
[-0.04616879  0.012713   -0.02032389  0.01497088],1
[-0.04591453  0.20812043 -0.02002447 -0.28405455],1
[-0.04175212  0.40352218 -0.02570556 -0.58298521],0
[-0.03368168  0.20876961 -0.03736527 -0.29850948],1
[-0.02950628  0.40440371 -0.04333546 -0.60273863],0
[-0.02141821  0.20991383 -0.05539023 -0.32401434],0
[-0.01721993  0.01562253 -0.06187051 -0.04930075],0
[-0.01690748 -0.17856019 -0.06285653  0.22323769],0
[-0.02047869 -0.37273006 -0.05839178  0.49544966],0
[-0.02793329 -0.56698205 -0.04848278  0.76917363],1
[-0.03927293 -0.37122749 -0.03309931  0.46163847],0
[-0.04669748 -0.56586638 -0.02386654  0.74370747],1
[-0.05801481 -0.3704233  -0.00899239  0.44361024],0
[-6.54232723e-02 -5.65416869e-01 -1.20186681e-04  7.33445035e-01],1
[-0.07673161 -0.37029326  0.01454871  0.44072429],1
[-0.08413747 -0.17538019  0.0233632   0.15266279],0
[-0.08764508 -0.37082874  0.02641646  0.45262377],1
[-0.09506165 -0.17609013  0.03546893  0.1683833 ],1
[-0.09858346  0.01850665  0.0388366  -0.11290259],0
[-0.09821332 -0.17714965  0.03657855  0.19177564],1
[-0.10175632  0.01743045  0.04041406 -0.08914757],1
[-0.10140771  0.21195051  0.03863111 -0.36881092],0
[-0.0971687   0.01630156  0.03125489 -0.06420174],0
[-0.09684267 -0.17925424  0.02997085  0.23817614],0
[-0.10042775 -0.37479125  0.03473438  0.54016005],1
[-0.10792358 -0.18017433  0.04553758  0.25862061],0
[-0.11152706 -0.3759158   0.05070999  0.56531187],1
[-0.11904538 -0.1815406   0.06201623  0.28902621],1
[-0.12267619  0.0126447   0.06779675  0.01652929],1
[-0.1224233   0.20673217  0.06812734 -0.25401611],0
[-0.11828865  0.01070695  0.06304701  0.05935357],1
[-0.11807451  0.20487092  0.06423409 -0.2127902 ],1
[-0.1139771   0.3990185   0.05997828 -0.48453914],1
[-0.10599673  0.593245    0.0502875  -0.75773197],1
[-0.09413183  0.78763919  0.03513286 -1.03417635],0
[-0.07837904  0.5920681   0.01444933 -0.73067381],0
[-6.65376795e-02  3.96749464e-01 -1.64143279e-04 -4.33478481e-01],0
[-0.05860269  0.20162984 -0.00883371 -0.1408473 ],0
[-0.05457009  0.00663551 -0.01165066  0.1490357 ],1
[-0.05443738  0.20192234 -0.00866995 -0.14729989],0
[-0.05039894  0.00692561 -0.01161594  0.14263528],1
[-0.05026042  0.20221198 -0.00876324 -0.15368952],0
[-0.04621618  0.00721659 -0.01183703  0.13621597],1
[-0.04607185  0.20250607 -0.00911271 -0.16017773],0
[-0.04202173  0.00751576 -0.01231626  0.1296165 ],0
[-0.04187142 -0.18742761 -0.00972393  0.41838849],0
[-0.04561997 -0.38241043 -0.00135616  0.7079901 ],1
[-0.05326818 -0.18726972  0.01280364  0.41488059],0
[-0.05701357 -0.38257078  0.02110125  0.71157233],1
[-0.06466499 -0.18774729  0.0353327   0.42560546],1
[-0.06841993  0.00685684  0.04384481  0.14426711],1
[-0.0682828   0.20132435  0.04673015 -0.13426758],1
[-0.06425631  0.39574688  0.0440448  -0.41184934],0
[-0.05634137  0.20002913  0.03580781 -0.10561244],1
[-0.05234079  0.39462012  0.03369556 -0.38678658],1
[-0.04444839  0.58924795  0.02595983 -0.66865798],1
[-0.03266343  0.78399949  0.01258667 -0.95305553],0
[-0.01698344  0.58871046 -0.00647444 -0.65644481],0
[-0.00520923  0.39367923 -0.01960334 -0.36580757],0
[ 0.00266436  0.19884127 -0.02691949 -0.07936979],1
[ 0.00664118  0.39433857 -0.02850688 -0.38042287],0
[ 0.01452795  0.19963278 -0.03611534 -0.09686274],1
[ 0.01852061  0.39525323 -0.0380526  -0.40071768],0
[ 0.02642567  0.20069113 -0.04606695 -0.12027056],1
[ 0.0304395   0.39644179 -0.04847236 -0.42712393],0
[ 0.03836833  0.20203869 -0.05701484 -0.15010708],0
[ 0.04240911  0.00777754 -0.06001698  0.12405787],1
[ 0.04256466  0.20370568 -0.05753582 -0.18693959],0
[ 0.04663877  0.0094521  -0.06127462  0.08705242],1
[ 0.04682781  0.20539641 -0.05953357 -0.2243159 ],0
[ 0.05093574  0.01117363 -0.06401988  0.04900961],0
[ 0.05115921 -0.1829747  -0.06303969  0.32082651],0
[ 0.04749972 -0.3771449  -0.05662316  0.59298189],1
[ 0.03995682 -0.18127794 -0.04476352  0.28301399],0
[ 0.03633126 -0.37573378 -0.03910324  0.56124949],1
[ 0.02881659 -0.1800855  -0.02787825  0.25650797],0
[ 0.02521488 -0.37479856 -0.0227481   0.54026893],1
[ 0.01771891 -0.17936436 -0.01194272  0.24050611],0
[ 0.01413162 -0.37431369 -0.00713259  0.52939818],1
[ 0.00664534 -0.17909212  0.00345537  0.23447632],0
[ 0.0030635  -0.37426327  0.0081449   0.52824717],1
[-0.00442176 -0.17925686  0.01870984  0.23814182],0
[-0.0080069  -0.37464103  0.02347268  0.53666716],1
[-0.01549972 -0.17985685  0.03420602  0.2514717 ],1
[-0.01909686  0.01476038  0.03923545 -0.03022876],1
[-0.01880165  0.20929835  0.03863088 -0.31027887],0
[-0.01461568  0.0136479   0.0324253  -0.00566751],0
[-0.01434273 -0.18192371  0.03231195  0.29706707],1
[-0.0179812   0.01272308  0.03825329  0.01474735],0
[-0.01772674 -0.182926    0.03854824  0.31924999],0
[-0.02138526 -0.37857514  0.04493324  0.62383607],1
[-0.02895676 -0.18410839  0.05740996  0.34563629],1
[-0.03263893  0.01015192  0.06432268  0.07159515],1
[-0.03243589  0.20429556  0.06575459 -0.20012025],0
[-0.02834998  0.00829779  0.06175218  0.11255898],1
[-0.02818402  0.20248303  0.06400336 -0.16002007],1
[-0.02413436  0.39663306  0.06080296 -0.43184469],1
[-0.0162017   0.59084374  0.05216607 -0.70475732],1
[-0.00438483  0.78520551  0.03807092 -0.98057351],0
[ 0.01131928  0.58959454  0.01845945 -0.67617951],1
[ 0.02311117  0.78445519  0.00493586 -0.96299392],0
[ 0.03880028  0.58926726 -0.01432402 -0.66876446],0
[ 0.05058562  0.39434739 -0.02769931 -0.38062576],0
[ 0.05847257  0.1996295  -0.03531182 -0.09680352],0
[ 0.06246516  0.00503097 -0.03724789  0.18453278],0
[ 0.06256578 -0.18953878 -0.03355724  0.46523662],0
[ 0.058775   -0.38417088 -0.0242525   0.74715644],1
[ 0.05109159 -0.18872287 -0.00930938  0.44694109],0
[ 4.73171295e-02 -3.83711898e-01 -3.70554090e-04  7.36675044e-01],1
[ 0.03964289 -0.18858483  0.01436295  0.44387552],1
[0.03587119 0.00633098 0.02324046 0.15575452],1
[ 0.03599781  0.2011126   0.02635555 -0.12950693],1
[ 0.04002007  0.39584729  0.02376541 -0.41375989],0
[ 0.04793701  0.20039668  0.01549021 -0.11368039],0
[0.05194495 0.00505624 0.0132166  0.18384906],1
[ 0.05204607  0.19998661  0.01689358 -0.10463539],0
[0.0560458  0.00462669 0.01480088 0.19332916],1
[ 0.05613834  0.19953382  0.01866746 -0.09464822],1
[ 0.06012901  0.39438331  0.0167745  -0.38138361],0
[ 0.06801668  0.19902723  0.00914682 -0.08345926],1
[ 0.07199722  0.39401688  0.00747764 -0.37324236],1
[ 7.98775615e-02  5.89031815e-01  1.27912175e-05 -6.63558181e-01],0
[ 0.01140512  0.04231164 -0.04048911  0.00991664],0
[ 0.01225135 -0.15220696 -0.04029078  0.28955485],1
[ 0.00920721  0.04346567 -0.03449968 -0.01555818],0
[ 0.01007653 -0.15114496 -0.03481084  0.26604317],1
[ 0.00705363  0.04445608 -0.02948998 -0.03741296],0
[ 0.00794275 -0.15023084 -0.03023824  0.24582165],0
[ 0.00493813 -0.34490816 -0.02532181  0.52881544],1
[-0.00196003 -0.14943928 -0.0147455   0.22826232],0
[-0.00494882 -0.34434744 -0.01018025  0.51625775],1
[-1.18357660e-02 -1.49083629e-01  1.44904030e-04  2.20384266e-01],1
[-0.01481744  0.04603625  0.00455259 -0.07225295],1
[-0.01389671  0.24109264  0.00310753 -0.36349604],1
[-0.00907486  0.43617029 -0.00416239 -0.65519749],0
[-3.51455030e-04  2.41106534e-01 -1.72663402e-02 -3.63828133e-01],1
[ 0.00447068  0.43646957 -0.0245429  -0.66190506],0
[ 0.01320007  0.24169755 -0.037781   -0.37704991],0
[ 0.01803402  0.04713199 -0.045322   -0.09651481],0
[ 0.01897666 -0.14731207 -0.0472523   0.18153168],1
[ 0.01603042  0.04845306 -0.04362166 -0.12567526],0
[ 0.01699948 -0.1460177  -0.04613517  0.15293268],1
[ 0.01407912  0.04973344 -0.04307652 -0.15394053],0
[ 0.01507379 -0.1447461  -0.04615533  0.12484759],0
[ 0.01217887 -0.33917747 -0.04365838  0.4026192 ],1
[ 0.00539532 -0.14346437 -0.03560599  0.0964978 ],1
[ 0.00252603  0.05214933 -0.03367604 -0.20720272],1
[ 0.00356902  0.24773625 -0.03782009 -0.51031563],0
[ 0.00852375  0.05316692 -0.0480264  -0.2297868 ],0
[ 0.00958708 -0.14123701 -0.05262214  0.04736852],1
[ 0.00676234  0.05459847 -0.05167477 -0.26144185],1
[ 0.00785431  0.25041852 -0.0569036  -0.56996547],0
[ 0.01286268  0.05613885 -0.06830291 -0.29573827],1
[ 0.01398546  0.25216468 -0.07421768 -0.60915685],0
[ 0.01902875  0.05815443 -0.08640082 -0.34074256],0
[ 0.02019184 -0.13563875 -0.09321567 -0.07650738],1
[ 0.01747907  0.06068733 -0.09474582 -0.39708373],0
[ 0.01869281 -0.13297168 -0.10268749 -0.13571168],0
[ 0.01603338 -0.32648433 -0.10540172  0.12289115],0
[ 0.00950369 -0.5199507  -0.1029439   0.38054944],1
[-0.00089532 -0.32352909 -0.09533291  0.05726474],0
[-0.0073659  -0.51716402 -0.09418762  0.31841283],0
[-0.01770918 -0.71082712 -0.08781936  0.57996966],1
[-0.03192572 -0.51459141 -0.07621997  0.26096471],0
[-0.04221755 -0.70854726 -0.07100067  0.52866682],1
[-0.0563885  -0.51250201 -0.06042734  0.21448319],0
[-0.06663854 -0.70671033 -0.05613767  0.48750915],0
[-0.08077274 -0.90099713 -0.04638749  0.76198445],0
[-0.09879269 -1.09545045 -0.0311478   1.03971763],1
[-0.1207017  -0.8999288  -0.01035345  0.73742145],0
[-0.13870027 -1.09490624  0.00439498  1.02682807],1
[-0.1605984  -0.89984308  0.02493154  0.73552827],1
[-0.17859526 -0.70507423  0.03964211  0.45079491],1
[-0.19269674 -0.51053471  0.04865801  0.17086661],1
[-0.20290744 -0.31614175  0.05207534 -0.1060779 ],1
[-0.20923027 -0.12180324  0.04995378 -0.38188726],0
[-0.21166634 -0.31759759  0.04231604 -0.0738818 ],0
[-0.21801829 -0.51329984  0.0408384   0.23184599],0
[-0.22828429 -0.70898081  0.04547532  0.53712588],0
[-0.2424639  -0.90471165  0.05621784  0.84378375],1
[-0.26055813 -0.71040011  0.07309351  0.56929624],0
[-0.27476614 -0.906467    0.08447944  0.88408164],1
[-0.29289548 -0.71258751  0.10216107  0.61910697],1
[-0.30714723 -0.51902969  0.11454321  0.36026716],1
[-0.31752782 -0.32570643  0.12174855  0.10578464],1
[-0.32404195 -0.1325205   0.12386424 -0.14614355],1
[-0.32669236  0.06063002  0.12094137 -0.39732659],0
[-0.32547976 -0.13598156  0.11299484 -0.06909329],1
[-0.32819939  0.05735431  0.11161298 -0.32409787],1
[-0.3270523   0.25072471  0.10513102 -0.57960254],0
[-0.32203781  0.05429877  0.09353897 -0.25573878],1
[-0.32095183  0.24796938  0.08842419 -0.51751435],0
[-0.31599245  0.05172095  0.0780739  -0.19832894],1
[-0.31495803  0.24564443  0.07410733 -0.46539764],0
[-0.31004514  0.04955786  0.06479937 -0.15030746],0
[-0.30905398 -0.14642925  0.06179322  0.16209391],1
[-0.31198257  0.04775614  0.0650351  -0.11047261],1
[-0.31102744  0.2418888   0.06282565 -0.38194915],1
[-0.30618967  0.43606504  0.05518667 -0.65418028],1
[-0.29746837  0.63037691  0.04210306 -0.92898771],1
[-0.28486083  0.82490598  0.02352331 -1.20814808],0
